{"NSE:BEL-EQ": {"rs_rating": 89, "mrs": 23.047226204023907}, "NSE:ADANIENT-EQ": {"rs_rating": 24, "mrs": -2.593447840604668}, "NSE:NTPC-EQ": {"rs_rating": 85, "mrs": 33.829528578358904}, "NSE:ETERNAL-EQ": {"rs_rating": 36, "mrs": -8.523252631488154}, "NSE:INDIGO-EQ": {"rs_rating": 12, "mrs": -8.791063008272948}, "NSE:TATASTEEL-EQ": {"rs_rating": 95, "mrs": 31.324214507231375}, "NSE:BHARTIARTL-EQ": {"rs_rating": 57, "mrs": -0.5734872565817062}, "NSE:HINDUNILVR-EQ": {"rs_rating": 44, "mrs": 2.843598819454507}, "NSE:EICHERMOT-EQ": {"rs_rating": 77, "mrs": 6.936821465386389}, "NSE:ASIANPAINT-EQ": {"rs_rating": 38, "mrs": -11.610797377922943}, "NSE:ICICIBANK-EQ": {"rs_rating": 48, "mrs": 4.921386236892911}, "NSE:JSWSTEEL-EQ": {"rs_rating": 81, "mrs": 22.53556583187595}, "NSE:ULTRACEMCO-EQ": {"rs_rating": 53, "mrs": 6.602018004435961}, "NSE:JIOFIN-EQ": {"rs_rating": 28, "mrs": -8.506550537587977}, "NSE:BAJFINANCE-EQ": {"rs_rating": 30, "mrs": -7.744124682310027}, "NSE:COALINDIA-EQ": {"rs_rating": 93, "mrs": 36.98494478461858}, "NSE:HDFCBANK-EQ": {"rs_rating": 16, "mrs": -10.499956610902206}, "NSE:TITAN-EQ": {"rs_rating": 87, "mrs": 18.19501289148664}, "NSE:ADANIPORTS-EQ": {"rs_rating": 63, "mrs": 3.0216741917318046}, "NSE:LT-EQ": {"rs_rating": 46, "mrs": -5.416440873595629}, "NSE:ITC-EQ": {"rs_rating": 8, "mrs": -14.034220166870416}, "NSE:APOLLOHOSP-EQ": {"rs_rating": 75, "mrs": 19.0503968135997}, "NSE:INFY-EQ": {"rs_rating": 10, "mrs": -15.144838552453798}, "NSE:SBILIFE-EQ": {"rs_rating": 73, "mrs": 5.33223902942106}, "NSE:TATACONSUM-EQ": {"rs_rating": 55, "mrs": -0.4422186143832718}, "NSE:TECHM-EQ": {"rs_rating": 34, "mrs": -3.545948153957512}, "NSE:SHRIRAMFIN-EQ": {"rs_rating": 99, "mrs": 18.39296554382619}, "NSE:SUNPHARMA-EQ": {"rs_rating": 71, "mrs": 14.353263285482099}, "NSE:POWERGRID-EQ": {"rs_rating": 79, "mrs": 28.776310885282697}, "NSE:DRREDDY-EQ": {"rs_rating": 67, "mrs": 14.139841930841545}, "NSE:TRENT-EQ": {"rs_rating": 6, "mrs": -1.4448641030151088}, "NSE:M&M-EQ": {"rs_rating": 51, "mrs": -4.483275250542529}, "NSE:HDFCLIFE-EQ": {"rs_rating": 22, "mrs": -8.240205815740786}, "NSE:RELIANCE-EQ": {"rs_rating": 61, "mrs": 2.3826763669351436}, "NSE:WIPRO-EQ": {"rs_rating": 4, "mrs": -19.49205971222343}, "NSE:MAXHEALTH-EQ": {"rs_rating": 42, "mrs": 1.248432037038838}, "NSE:ONGC-EQ": {"rs_rating": 83, "mrs": 29.53930279789214}, "NSE:BAJAJFINSV-EQ": {"rs_rating": 26, "mrs": -5.140832413379581}, "NSE:TMPV-EQ": {"rs_rating": 14, "mrs": 0.16937184076226686}, "NSE:MARUTI-EQ": {"rs_rating": 40, "mrs": -13.29964712861117}, "NSE:AXISBANK-EQ": {"rs_rating": 69, "mrs": 10.530654323532307}, "NSE:KOTAKBANK-EQ": {"rs_rating": 32, "mrs": -4.0613013571549335}, "NSE:HINDALCO-EQ": {"rs_rating": 91, "mrs": 17.045269127146902}, "NSE:HCLTECH-EQ": {"rs_rating": 20, "mrs": -8.366165484841403}, "NSE:SBIN-EQ": {"rs_rating": 97, "mrs": 22.044396614649763}, "NSE:TCS-EQ": {"rs_rating": 2, "mrs": -18.953609280160777}, "NSE:NESTLEIND-EQ": {"rs_rating": 65, "mrs": 8.158412727371168}, "NSE:GRASIM-EQ": {"rs_rating": 59, "mrs": 5.943356359764551}, "NSE:CIPLA-EQ": {"rs_rating": 18, "mrs": -6.892109510586275}}